Name,Department
"Abouzeid, Alhussein","Electrical, Computer, and Systems Engineering"
"Adali, Sibel",Computer Science
"Agrawal, Arpit",Management
"Agarwal, Monica",Biomedical Engineering
"Agca Aktunc, Esra",Industrial and Systems Engineering
"Ahmadi, Nima",Industrial and Systems Engineering
"Akin, Semih",unknown
"Aksoy, Billur",Economics
"Aktunc, Mahir Emrah",Cognitive Science
"Ameres, Eric",Cognitive Science
"Amitay, Michael","Mechanical, Aerospace and Nuclear Engineering"
"Anderson, Kurt","Mechanical, Aerospace and Nuclear Engineering"
"Anicca, Skye",Communication and Media
"Anshelevich, Elliot",Computer Science
"Ashenafi, Eyosias",Civil and Environmental Engineering
"Atuk, Tankut",Science and Technology Studies
"Bae, Chulsung",Chemistry and Chemical Biology
"Bailey, James",Industrial and Systems Engineering
"Baldansuren, Amgalanbaatar",Chemistry and Chemical Biology
"Ballinger, Clinton","Mechanical, Aerospace and Nuclear Engineering"
"Banks, Jeffrey",Mathematics
"Bao, Wei",Materials Science and Engineering
"Barquera, Blanca",Biological Sciences
"Basu, Kanad","Electrical, Computer, and Systems Engineering"
"Baysal, Nihat",Chemical and Biological Engineering
"Belfort, Georges",Chemical and Biological Engineering
"Bell, David",Architecture
"Bennett, Christianna",Architecture
"Bennett, Victoria",Civil and Environmental Engineering
"Bennett, Kristin",Mathematical Sciences
"Bentley, Marvin",Biological Sciences
"Bequette, B. Wayne",Chemical and Biological Engineering
"Berry, Jacqueline",Cognitive Science
"Besenecker, Ute",Architecture
"Bhaduri, Tathagata",Civil and Environmental Engineering
"Biggs, Adam",Science and Technology Studies
"Blaber, Elizabeth",Biomedical Engineering
"Black, Sara",Science and Technology Studies
"Blanchet, Thierry","Mechanical, Aerospace and Nuclear Engineering"
"Bonitatibus, Peter",Chemistry and Chemical Biology
"Bonocora, Richard",Biological Sciences
"Borca-Tasciuc, Diana","Mechanical, Aerospace and Nuclear Engineering"
"Borca-Tasciuc, Theodorian","Mechanical, Aerospace and Nuclear Engineering"
"Braasch, Jonas",Architecture
"Brace, Brandi",Arts
"Bringsjord, Selmer",Cognitive Science
"Brown, Elisabeth",Mathematical Sciences
"Brown, Ethan","Physics, Applied Physics, and Astronomy"
"Burgermaster, Matt",Architecture
"Bystroff, Christopher",Biological Sciences
"Cadieux, Sarah",Earth and Environmental Sciences
"Campbell, Nancy",Science and Technology Studies
"Cardinal, Jennifer",Science and Technology Studies
"Carothers, Christopher",Computer Science
"Carter, Marcus",Architecture
"Cavdar, Bahar",Industrial and Systems Engineering
"Celik, Salih Muhsin","Electrical, Computer, and Systems Engineering"
"Century, Michael",Arts
"Chadd, Ian",Economics
"Chakrapani, Vidhya",Chemical and Biological Engineering
"Chang, Benjamin",Arts
"Chari, Murali",Management
"Chen, Kedong",Management
"Chen, Tianyi","Electrical, Computer, and Systems Engineering"
"Chow, T. Paul","Electrical, Computer, and Systems Engineering"
"Chowdhury, Arshad Zahangir","Mechanical, Aerospace and Nuclear Engineering"
"Cioffi, Christopher",Chemistry and Chemical Biology
"Ciolek, Glenn","Physics, Applied Physics, and Astronomy"
"Clark, Brian",Management
"Cohen, Tara Gallaway","Mechanical, Aerospace and Nuclear Engineering"
"Colon, Wilfredo",Chemistry and Chemical Biology
"Combs, Lonn",Architecture
"Corr, David",Biomedical Engineering
"Costelloe-Kuehn, Brandon",Science and Technology Studies
"Cramer, Steven",Chemical and Biological Engineering
"Crembil, Gustavo",Architecture
"Cutler, Barbara",Computer Science
"Danon, Yaron","Mechanical, Aerospace and Nuclear Engineering"
"Dayem, Adam",Architecture
"Deery, June",Communication and Media
"Dinolfo, Peter",Chemistry and Chemical Biology
"DiTursi, Daniel",Computer Science
"Djeumou, Franck","Mechanical, Aerospace and Nuclear Engineering"
"Doerge, Rebecca",Biological Sciences
"Dordick, Jonathan",Chemical and Biological Engineering
"Douglis, Evan",Architecture
"Dowdall, Justin",Communication and Media
"Draper, Joshua",Architecture
"Du, Jason",Management
"Edirisinghe, N. Chanaka",Management
"Eleish, Ahmed",Information Technology and Web Science
"Ellinger, Jefferson",Architecture
"El-Shafee, Omar",Civil and Environmental Engineering
"Erel, Yael",Architecture
"Fajen, Brett",Cognitive Science
"Fan, Rui",Economics
"Farrell, Jeremy",Biological Sciences
"Faulstich, Fabian",Mathematics
"Felix, Sarah","Mechanical, Aerospace and Nuclear Engineering"
"Ferguson, Thomas",Cognitive Science
"Fisher-Lochhead, Christopher",Arts
"Fitzgerald, Andrew",Communication and Media
"Fletcher, Kevin",Management
"Fohtung, Edwin",Materials Science and Engineering
"Fontaine, Kathleen",Computer Science
"Forth, Scott",Biological Sciences
"Francis, Bill",Management
"Fraser, Keith",Biological Sciences
"Fritz, Dominik","Mechanical, Aerospace and Nuclear Engineering"
"Gall, Daniel",Materials Science and Engineering
"Galloway, Kate",Arts
"Galo da Silva, Belmiro",Mathematics
"Gao, Bin",Civil and Environmental Engineering
"Gao, Jianxi",Computer Science
"Garcia, Raffi",Management
"Garde, Shekhar",Chemical and Biological Engineering
"Georg, Julian","Physics, Applied Physics, and Astronomy"
"Ghosal, Vivek",Economics
"Ghosh, Asish","Mechanical, Aerospace and Nuclear Engineering"
"Giedt, Joel","Physics, Applied Physics, and Astronomy"
"Gibbons, William",Arts
"Gilder, Mark",Computer Science
"Gittens, Alex",Computer Science
"Gleeksman, Benjamin",Communication and Media
"Golden, Timothy",Management
"Goldschmidt, David",Computer Science
"Goodheart, Matthew",Arts
"Gorai, Prashun",Chemical and Biological Engineering
"Gordon, Tamar",Communication and Media
"Greene, Sarah",Economics
"Greenfield, Anita",Communication and Media
"Gross, Richard",Chemistry and Chemical Biology
"Gruendel, Emily",Architecture
"Gupta, Aparna",Management
"Hahn, Juergen",Biomedical Engineering
"Hahn, Mariah",Biomedical Engineering
"Hajela, Prabhat","Mechanical, Aerospace and Nuclear Engineering"
"Haley, Thomas","Mechanical, Aerospace and Nuclear Engineering"
"Hamilton, Rob",Arts
"Han, Fudong","Mechanical, Aerospace and Nuclear Engineering"
"Han, Sang-In","Electrical, Computer, and Systems Engineering"
"Hasan, Tahseen",Management
"He, Xiaozheng",Civil and Environmental Engineering
"Hedden, Ronald",Chemical and Biological Engineering
"Hekimoglu, Mert Hakan",Management
"Hendler, James",Computer Science
"Henshaw, William",Mathematics
"Hicken, Jason","Mechanical, Aerospace and Nuclear Engineering"
"High, Kathy",Arts
"Hiland, Alexander",Communication and Media
"Hirsa, Azita",Industrial and Systems Engineering
"Hirsa, Amir","Mechanical, Aerospace and Nuclear Engineering"
"Hoffman, Casey","Mechanical, Aerospace and Nuclear Engineering"
"Hoffman, Allison","Mechanical, Aerospace and Nuclear Engineering"
"Holguin-Veras, Jose",unknown
"Holmes, Mark",Mathematics
"Horning, Andrew",Mathematical Sciences
"Housley, Kevin","Mechanical, Aerospace and Nuclear Engineering"
"Hower, James Fleet",Architecture
"Huang, Liping",Materials Science and Engineering
"Huang, Zhaoran (Rena)","Electrical, Computer, and Systems Engineering"
"Huh, Jason",Economics
"Hull, Robert",unknown
"Hurley, Jennifer",Biological Sciences
"Hurst, Joshua","Mechanical, Aerospace and Nuclear Engineering"
"Imaeda, Ryosuke",Architecture
"Intes, Xavier",Biomedical Engineering
"Ivanov, Radoslav",Computer Science
"Jain, Gaurav",Management
"Jain, Ish","Electrical, Computer, and Systems Engineering"
"Jeansonne, Christopher",Communication and Media
"Jensen, Brian",Biological Sciences
"Ji, Qiang","Electrical, Computer, and Systems Engineering"
"Ji, Wei","Mechanical, Aerospace and Nuclear Engineering"
"Johnson-Finn, Kristin",Chemistry and Chemical Biology
"Jones, Corinne (Leah)",Communication and Media
"Jones, Robert",Economics
"Josyula, Kartik","Mechanical, Aerospace and Nuclear Engineering"
"Julius, Anak Agung","Electrical, Computer, and Systems Engineering"
"Kam, Wing Sze Elizabeth",Mathematics
"Kanai, Junichi","Electrical, Computer, and Systems Engineering"
"Kang, Hyun Gook","Mechanical, Aerospace and Nuclear Engineering"
"Kar, Koushik","Electrical, Computer, and Systems Engineering"
"Karande, Pankaj",Chemical and Biological Engineering
"Karlicek, Robert","Electrical, Computer, and Systems Engineering"
"Ke, Ruimin",Civil and Environmental Engineering
"Keblinski, Paul",Materials Science and Engineering
"Kemp, Jenny",Arts
"Keshan, Neha",Computer Science
"Kiehl, Maya",Mathematics
"Kilduff, James",Civil and Environmental Engineering
"Kim, Ji-Young",Chemical and Biological Engineering
"Kim, Yong Sung","Physics, Applied Physics, and Astronomy"
"Kinchy, Abby",Science and Technology Studies
"Kirova-Snover, Margarita",Chemistry and Chemical Biology
"Klein, Michael",Biological Sciences
"Klein, Michael",Economics
"Klyachko, Kseniya",Mathematics
"Koffas, Mattheos",unknown
"Kopsaftopoulos, Fotis","Mechanical, Aerospace and Nuclear Engineering"
"Koratkar, Nikhil","Mechanical, Aerospace and Nuclear Engineering"
"Korenowski, Gerald",Chemistry and Chemical Biology
"Korniss, Gyorgy","Physics, Applied Physics, and Astronomy"
"Korolov, Rostyslov",Industrial and Systems Engineering
"Kovacic, Gregor",Mathematics
"Kraft, Russell","Electrical, Computer, and Systems Engineering"
"Kramer, Peter",Mathematical Sciences
"Kruger, Uwe",Biomedical Engineering
"Kucinski, Gina",Mathematics
"Kumar, Shyam",Management
"Kuruzovich, Jason",Management
"Kuzmin, Konstantin",Computer Science
"LaGraff, John",Materials Science and Engineering
"Lakshmi, K.V.",Chemistry and Chemical Biology
"Lander, Daniel",Civil and Environmental Engineering
"Langer, Nishtha",Management
"Larson, Benjamin",Biological Sciences
"Ledet, Eric",Management
"Lee, George",Biomedical Engineering
"Lee, Sangwoo",Chemical and Biological Engineering
"Leitao, Carla",Architecture
"Lennon, Conor",Economics
"Letchford, Chris",Civil and Environmental Engineering
"Lewis, Daniel",Materials Science and Engineering
"Li, Min",Civil and Environmental Engineering
"Li, Fengyan",Mathematics
"Li, Fengqi",Architecture
"Lian, Jie","Mechanical, Aerospace and Nuclear Engineering"
"Liang, Zhiding",Computer Science
"Ligon, Lee",Biological Sciences
"Lim, Chjan",Mathematics
"Lin, Shawn-Yu","Physics, Applied Physics, and Astronomy"
"Liu, Heng",Economics
"Liu, Liu","Electrical, Computer, and Systems Engineering"
"Liu, Edwin",Architecture
"Liu, Li (Emily)",Industrial and Systems Engineering
"Loercher, John",Architecture
"Lopez, Matthew",Architecture
"Loveless, Stephanie",Arts
"Lu, James","Electrical, Computer, and Systems Engineering"
"Lvov, Yuri",Mathematics
"Lyles, Daniel","Mechanical, Aerospace and Nuclear Engineering"
"Ma, Yao",Computer Science
"Ma, Alexander",Chemistry and Chemical Biology
"Magdon-Ismail, Malik",Computer Science
"Maharjan, Johan",Management
"Mahmoudi, Mina",Economics
"Makhatadze, George",Biological Sciences
"Malazita, James",Science and Technology Studies
"Maniatty, Antoinette","Mechanical, Aerospace and Nuclear Engineering"
"Manikonda, Lydia",Management
"Martin, Charles","Physics, Applied Physics, and Astronomy"
"Matos, Miguel",Architecture
"McDermott, Margaret",Management
"McDermott, Christopher",Management
"McGuiness, Deborah",Computer Science
"McKinney, Jonathan",Management
"McShane, Marjorie",Cognitive Science
"Meltz, Nathan",Arts
"Meng, Xiangyi","Physics, Applied Physics, and Astronomy"
"Merson, Jacob","Mechanical, Aerospace and Nuclear Engineering"
"Michael, J. Darryl","Physics, Applied Physics, and Astronomy"
"Milanese, John",Cognitive Science
"Milanova, Ana",Computer Science
"Miller, Branda",Arts
"Mills, Kristen","Mechanical, Aerospace and Nuclear Engineering"
"Mishra, Sandipan","Mechanical, Aerospace and Nuclear Engineering"
"Mitchell, John",Mathematics
"Mizer, Nicholas",Communication and Media
"Moesch, Jarah",Science and Technology Studies
"Mohamed, Hisham",Biomedical Engineering
Mohammad Mohammadi Amiri,Computer Science
"Montelione, Gaetano",Chemistry and Chemical Biology
"Moran Ramirez, Diego Alejandro",Industrial and Systems Engineering
"Moriarty, Claire",Architecture
"Morris, Jeffrey","Mechanical, Aerospace and Nuclear Engineering"
"Monuz-Rojas, Andres",Biomedical Engineering
"Murray, Mitchell",Communication and Media
"Mushtaque, Uzma",Computer Science
"N'Gom, Moussa","Physics, Applied Physics, and Astronomy"
"Nabeel Amjad, Syed","Mechanical, Aerospace and Nuclear Engineering"
"Najle, Ciro",Architecture
"Nanou, Chrysi",Arts
"Narayan, Shankar","Mechanical, Aerospace and Nuclear Engineering"
"Narendran, Nadarajah",Architecture
"Neti, Prabhakar","Electrical, Computer, and Systems Engineering"
"Nevo, Dorit",Management
"Nevo, Saggi",Management
"Newberg, Heidi Jo","Physics, Applied Physics, and Astronomy"
"Nideffer, Robert",Arts
"Niemiec, Robert","Mechanical, Aerospace and Nuclear Engineering"
"Nierzwicki-Bauer, Sandra",Biological Sciences
"Nirenburg, Sergei",Cognitive Science
"Nkuiya, Bruno",Economics
"Nyman, Marianne",Civil and Environmental Engineering
"Oakes, Kimberly","Electrical, Computer, and Systems Engineering"
"Oatman, Michael",Architecture
"Oehlschlaeger, Matthew","Mechanical, Aerospace and Nuclear Engineering"
"Ooi, Boon","Electrical, Computer, and Systems Engineering"
"Oropello, Adrianna",Games and Simulation Arts and Sciences
"Ozisik, Rahmi",Materials Science and Engineering
"Palermo, Edmund",Materials Science and Engineering
"Pan, Shaowu",unknown
"Panneerselvam, Karthikeyan","Mechanical, Aerospace and Nuclear Engineering"
"Parker Ward, Sarah",Management
"Pasek, Matthew",Earth and Environmental Sciences
"Paternain, Santiago","Electrical, Computer, and Systems Engineering"
"Patterson, Alex","Electrical, Computer, and Systems Engineering"
"Patterson, Stacy",Computer Science
"Pazour, Jennifer",unknown
"Pekdemir, Emir",Architecture
"Peng, Huaming",Economics
"Perera, Ukwatte Lokuliyanage Indika","Mechanical, Aerospace and Nuclear Engineering"
"Perry, Christopher",Architecture
"Persans, Peter","Physics, Applied Physics, and Astronomy"
"Petela, Adam",Architecture
"Peterson-McCann, Audrey",Communication and Media
"Picu, Catalin","Mechanical, Aerospace and Nuclear Engineering"
"Piper, Bruce",Mathematics
"Platts, Nick",Chemistry and Chemical Biology
"Plawsky, Joel",Chemical and Biological Engineering
"Plotka, Richard",Computer Science
"Pogorelyuk, Leonid","Mechanical, Aerospace and Nuclear Engineering"
"Press, Elizabeth",Arts
"Przybycien, Todd",Chemical and Biological Engineering
"Puleo, Christopher",Biomedical Engineering
"Radev, Stefan",Cognitive Science
"Radke, Richard","Electrical, Computer, and Systems Engineering"
"Ragsdale, Kenneth",Arts
Rahul,Biomedical Engineering
"Ramanath, Ganpati",Materials Science and Engineering
"Ramanath, Seemanti",Biological Sciences
"Ran, Weina",Communication and Media
"Ravichandran, Thiagarajan",unknown
"Rees, James Dylan","Electrical, Computer, and Systems Engineering"
"Reilly, John M",Civil and Environmental Engineering
"Repolho Cagliari, Luiz Victor","Mechanical, Aerospace and Nuclear Engineering"
"Rhone, Trevor","Physics, Applied Physics, and Astronomy"
"Rice, Ross",Arts
"Rivero, Jorge",Economics
"Robles Sanchez, Victor","Physics, Applied Physics, and Astronomy"
"Rogers, Karyn",Earth and Environmental Sciences
"Rose, Kevin",Biological Sciences
"Royer, Catherine",Biological Sciences
"Ruan, Yujie",Management
"Ruiz, Kathleen",Arts
"Russo, John Rhett",Architecture
"Rutledge, Eric",Biological Sciences
"Ruzanka, Silvia",Arts
"Sahni, Onkar","Mechanical, Aerospace and Nuclear Engineering"
"Salamah, Samir","Mechanical, Aerospace and Nuclear Engineering"
"Samuel, Johnson","Mechanical, Aerospace and Nuclear Engineering"
"Sawyer, Shayla","Electrical, Computer, and Systems Engineering"
"Schaller, Morgan",Earth and Environmental Sciences
"Schmidt, Martin","Electrical, Computer, and Systems Engineering"
"Schroeder, John","Physics, Applied Physics, and Astronomy"
"Schubert, Fred","Electrical, Computer, and Systems Engineering"
"Schwendeman, Donald",Mathematics
"Search, Patricia",Communication and Media
"Sehwail, Walaid",Architecture
"Seneviratne, Oshani",Computer Science
"Shahsavari, Ali","Mechanical, Aerospace and Nuclear Engineering"
"Sharma, Geetu",Chemistry and Chemical Biology
"Shelden, Dennis",Architecture
"Shelley, Jacob",Chemistry and Chemical Biology
"Shenogin, Sergei",Materials Science and Engineering
"Shephard, Mark","Mechanical, Aerospace and Nuclear Engineering"
"Shi, Jian",Materials Science and Engineering
"Shi, Shanbin","Mechanical, Aerospace and Nuclear Engineering"
"Shi, Yunfeng",Materials Science and Engineering
"Si, Mei",Cognitive Science
"Simons, Kenneth",Economics
"Sims, Chris",Cognitive Science
"Singh, Sandeep","Mechanical, Aerospace and Nuclear Engineering"
"Singh, Tanya",Management
"Slota, George",Computer Science
"Souyris, Sebastian",Management
"Spear, Frank",Earth and Environmental Sciences
"Sprague, Elizabeth",Chemistry and Chemical Biology
"Staniszewski, Mary Ann",Arts
"Stetler, Jonathan",Biological Sciences
"Stevenson, Daniel",Mathematics
"Stewart, Charles",Computer Science
"Strizver, Sam",Management
"Strzalkoswki, Tomasz",Cognitive Science
"Studebaker, Riley",Architecture
"Sturman, John",Computer Science
"Suckling, Maurice",Communication and Media
"Sumadi, Meimuheh",Management
"Sun, Jian","Electrical, Computer, and Systems Engineering"
"Sun, Ron",Cognitive Science
"Sundararaman, Ravishankar",Materials Science and Engineering
"Swank, Douglis",Biological Sciences
"Swope, Rush",unknown
"Symans, Michael",Civil and Environmental Engineering
"Szymanski, Boleslaw",Computer Science
"Tack, Sara",Communication and Media
"Tajer, Ali",unknown
"Tatarsky, Marc",Architecture
"Taylor, Keith","Mechanical, Aerospace and Nuclear Engineering"
"Terrones, Humberto","Physics, Applied Physics, and Astronomy"
"Tessari, Anthony",Civil and Environmental Engineering
"Thakur, Prakrati",Economics
"Thero, Daniel",Cognitive Science
"Thomas, Clayton",Computer Science
"Thompson, Deanna",Biomedical Engineering
"Thu, Wint",Economics
"Tichy, John","Mechanical, Aerospace and Nuclear Engineering"
"Titus, Anthony",Architecture
"Totsingan, Filbert",Chemistry and Chemical Biology
"Tozzi, Christopher",Science and Technology Studies
"Tran, Mi",Management
"Traver, Holly",Cognitive Science
"Troyer, Kyle",Architecture
"Tsamis, Alexandros",Architecture
"Tumuklu, Ozgur","Mechanical, Aerospace and Nuclear Engineering"
"Turner, Wesley",Computer Science
"Tyrol, Katherine",Science and Technology Studies
"Uchida, Shun",Civil and Environmental Engineering
"Ullal, Chaitanya",Materials Science and Engineering
"Underhill, Patrick",Chemical and Biological Engineering
"Uribe del Águila, Verónica",Science and Technology Studies
"Vamos, Igor",Arts
"Van Heuveln, Bram",Cognitive Science
"Van Valkenburg, Michael",Chemistry and Chemical Biology
"Vanderhyden, Philip",Arts
"Vanfretti, Luigi","Electrical, Computer, and Systems Engineering"
"Vanmuysen, Benjamin",Architecture
"Varela, Carlos",Computer Science
"Varsamis, Christos",Civil and Environmental Engineering
"Vashishth, Deepak",Biomedical Engineering
"Velho, Raquel",Science and Technology Studies
"Wagman, Liad",Management
"Wagner, Sasha",Earth and Environmental Sciences
"Walczyk, Daniel","Mechanical, Aerospace and Nuclear Engineering"
"Walf, Alicia",Cognitive Science
"Wan, Leo",Biomedical Engineering
"Wang, Chunyu",Biological Sciences
"Wang, Ge",Biomedical Engineering
"Wang, Gwo-Ching","Physics, Applied Physics, and Astronomy"
"Wang, Meng","Electrical, Computer, and Systems Engineering"
"Wang, Yinan",Industrial and Systems Engineering
"Wang, Xiaokun (Cara)",Civil and Environmental Engineering
"Wang, Xun",Biomedical Engineering
"Ward, Zachary","Physics, Applied Physics, and Astronomy"
"Wen, John","Electrical, Computer, and Systems Engineering"
"Wertz, Esther","Physics, Applied Physics, and Astronomy"
"West, Damien","Physics, Applied Physics, and Astronomy"
"Wetzel, Christian","Physics, Applied Physics, and Astronomy"
"Whalen, Robert",Arts
"White, Caleb",Architecture
"Wilke, Ingrid","Physics, Applied Physics, and Astronomy"
"Willett, Fred","Mechanical, Aerospace and Nuclear Engineering"
"Wilt, Kyle","Electrical, Computer, and Systems Engineering"
"Wolf-Meyer, Matthew",Science and Technology Studies
"Woodcock, Corey",Chemical and Biological Engineering
"Xiang, Ning",Architecture
"Xiao, Jidong",Computer Science
"Xu, Yangyang",Mathematics
"Yan, Pingkun",Biomedical Engineering
"Yang, Yingrui",Cognitive Science
"Yazdanseta, Arta",Architecture
"Yazici, Birsen","Electrical, Computer, and Systems Engineering"
"Yel, Esen","Electrical, Computer, and Systems Engineering"
"Yener, Bulent",Computer Science
"Yu, Lei",Computer Science
"Yue, Jianling",Communication and Media
"Zaki, Mohammed",Computer Science
"Zeghal, Mourad",Civil and Environmental Engineering
"Zeng, Yiyuan (Leslie)",Arts
"Zerbetto Traldi, Elaine",Mathematics
"Zha, Runye (Helen)",Chemical and Biological Engineering
"Zhang, Lucy","Mechanical, Aerospace and Nuclear Engineering"
"Zhang, Shengbai","Physics, Applied Physics, and Astronomy"
"Zhang, Tong","Electrical, Computer, and Systems Engineering"
"Zhang, Zheyu","Electrical, Computer, and Systems Engineering"
"Zheng, Yong","Physics, Applied Physics, and Astronomy"
"Zhou, Yalun (Helen)",Communication and Media
